CompanyID,CompanyName
276,Illovo Sugar Africa (Pty) Ltd
292,Harmony Gold Mining Company Ltd
365,Tongaat Hulett Ltd
396,South African Reserve Bank
403,Shoprite Checkers (Pty) Ltd
416,Santam Ltd
591,Absa Bank Ltd
600,Alviva Holdings Ltd
621,Exxaro Resources Ltd
700,Derivco (Pty) Ltd
710,Engen Petroleum Ltd
739,LRMG (Pty) Ltd
745,Mazars Support Services (Pty) Ltd
785,Sanlam Life Insurance Ltd
819,University of Johannesburg
824,Webber Wentzel
1727,BASF Holdings South Africa (Pty) Ltd
1756,BMW (South Africa) (Pty) Ltd
1795,City of Cape Town
1846,Wits DigitalCampus
1879,Eskom Holdings SOC Ltd
1972,Knorr-Bremse (South Africa) (Pty) Ltd
1980,Lesedi Nuclear Services (Pty) Ltd
2143,Ricoh South Africa (Pty) Ltd
2173,Sasria SOC Ltd
2194,South African Revenue Service
2225,Tarsus Distribution (Pty) Ltd
2245,Transunion Africa (Pty) Ltd
3323,Vector Logistics (Pty) Ltd
3336,L'Oreal South Africa (Pty) Ltd
4624,Development Bank of Southern Africa
4684,Sandown Motor Holdings (Pty) Ltd
4803,Sita SOC (Ltd)
4816,Esri South Africa (Esri SA)
4832,The Spar Group
4833,Hotel Amenities Suppliers (Pty) Ltd
5160,Ingersoll-Rand Company South Africa (Pty) Ltd
5163,Oracle Corporation (South Africa) (Pty) Ltd
5279,Sumitomo Rubber South Africa (Pty) Ltd
5306,TiAuto Investments (Pty) Ltd
5546,Eskom Rotek Industries SOC Ltd
5812,Illovo Sugar (South Africa) (Pty) Ltd
6042,Sanlam Customised Insurance Ltd
6129,Super Group Trading (Pty) Ltd
6171,Island View Storage (Pty) Ltd t/a Bidvest Tank Terminals
6284,Business Connexion (Pty) Ltd
6615,Hollard Life Assurance Company Ltd
6623,National Brands Ltd
6862,Santova Logistics (Pty) Ltd
7153,Dell Computer (Pty) Limited
7184,Unilever South Africa (Pty) Ltd
7206,Shoprite Holdings Ltd
7528,Exxaro Coal (Pty) Ltd
7630,Woolworths (Pty) Ltd
7813,Mhlathuze Water
7817,Umgeni Water
8101,Maersk South Africa (Pty) Ltd
8389,Thales South Africa Systems (Pty) Ltd
8528,Independent Communications Authority of South Africa
9507,National Health Laboratory Service
10498,Toyota South Africa Motors (Pty) Ltd
10564,Steinmuller Africa (Pty) Ltd
11276,BASF South Africa (Pty) Ltd
11399,Al Baraka Bank Ltd
11497,Durban University of Technology (Pty) Ltd
11502,Tshwane University of Technology
11559,Mazars Inc
11665,Beiersdorf Consumer Products (Pty) Ltd
11668,Fresenius Kabi South Africa (Pty) Ltd
12015,HBZ Bank Ltd
12078,South African Qualifications Authority
12353,South African Sugar Association
12746,Batseta-Council of Retirement Funds of South Africa
13511,CIB (Pty) Ltd
13701,Retailability (Pty) Ltd
13724,First Technology KwaZulu Natal (Pty) Ltd
14871,Gemalto Southern Africa (Pty) Ltd
14958,BMW Financial Services (South Africa) (Pty) Ltd
16191,First National Bank (Division of FirstRand Bank Ltd)
17096,Fry Group Foods (Pty) Ltd
18416,National Bioproducts Institute
19654,DBC Packaging (Pty) Ltd
20222,Coca-Cola Beverages South Africa (Pty) Ltd
20565,Fuchs Lubricants South Africa (Pty) Ltd
20615,Imperial Logistics Group (Pty) Ltd
20671,Esri South Africa (Esri SA)
22052,Rewardsco Sales (Pty) Ltd
22503,Collaborative IT Solutions (Pty) Ltd
22673,"BPESA, NPC"
22691,Altron Nexus (Pty) Ltd
22748,Safripol (Pty) Ltd
22786,Konica Minolta South Africa a Division of Bidvest Office (Pty) Ltd
25218,MICT SETA
25398,Zambia Revenue Authority
27641,SEW EURODRIVE
27668,LRMG Sales Optimisation
32086,Open Architecture Systems
32648,CAPRISA
33021,Tourism KwaZulu-Natal
33220,University of Johannesburg
33645,TB HIV Care
33715,Altron Document Solutions
34077,University of Zululand
40490,nedbankinsurance.co.za
40752,Netstar (Pty) Ltd
40775,Innovative Dynamics
40779,Rainbow Technology Services
40930,Sanlam Life Insurance Ltd
41078,Toyota Boshoku
41821,Gracol Solutions (PTY)
42508,EUCafrica
42948,Unichem
43174,Omni HR Consulting
43263,Computacenter Plc
43378,Netcampus
43520,Zambia Revenue Authority
43956,Netstar (Pty) Ltd
45589,Next Technologies
45590,Next Technologies
45899,Visense (Pty) Ltd
45980,DSV Shared Services (Pty) Ltd
45981,ACI The Financial Markets Association
45982,Odfjell Mazibuko SA (Pty) Ltd
45983,Glacier Financial Holdings (Pty) Ltd
45984,The South African Breweries Limited
45985,"Altron Systems Integration, a division of Altron TMT (Pty) L"
45986,Feltex Automotive Group Services
45987,"Altron Fintech ACS, a division of Altron TMT (Pty) Ltd"
45988,Computacenter Services & Solutions (Pty) Ltd
45989,Kaelo Simply Healthcare Pty Ltd
45990,Transunion Global Capability Centre Africa (Pty) Ltd
45991,"Altron Fintech, a division of Altron TMT (Pty) Ltd"
45992,Mweb a division of Internet Solutions Digital (Pty) Ltd
45994,BDO Advisory Services
45995,Cathsseta
45996,MIS Engineering (PTY) Ltd
45997,TEBA PTY LTD
45998,Procureworld (Pty) Ltd
45999,Nkateko Shilubane
46000,Elias Kgope
46001,South Afican Civil Aviation Authority
46002,Interwaste Environmental Solutions (Pty) Ltd
46004,AFGRI Agri Services (Pty) Ltd
46005,Ethekwini Municipality Supply Chain Management
46006,Learn App (Pty) Ltd
46007,Amazon Web Service South Africa (PTY) Ltd
46008,"Altron Managed Solutions, a division of Altron TMT (Pty) Ltd"
46009,Trust-Systems Consulting SARL
46010,Afrika Tikkun Services (Pty) Ltd
46011,Africa Cosmos Empowerment
46012,Relief Medical (Pty) Ltd
46013,TenacIT Solutions
46014,Aparel & Textile Associatios of SA
46015,Core Office Solutions
46016,Reyanco Johnson
46017,R A Consulting Services Zambia Ltd
46018,The Services Sector Education And Training Authority
46019,"East Coast Radio, a division of Kagiso Media (Pty) Ltd"
46020,Gentron Computers CC
46021,Isilumko Staffing (Pty) Ltd
46022,"Altron Document Solutions, a division of Altron TMT (Pty) Lt"
46023,Bidvest Office (Pty) Ltd T/A Konica Minolta South Africa
46024,GE Steam Power S&E Africa (PTY) LTD
46025,Hitachi Energy South Africa (Pty) Ltd
46026,Department Of Education
46027,EKURHULENI WATER CARE COMPANY
46028,Electronic Laboratory Services (Pty) Ltd
46030,SAHL Foundation
46031,Fumana Gangelete
46032,Sibusiso Mahlangu
46033,Alviva Shared Management Services (Pty) Ltd
46034,Tanker Services a div of ILSA Group (Pty) Ltd
46035,Murray & Roberts Cementation (Pty) Ltd
46036,Transnet Port Terminals
46037,Dariel Software (Pty) Ltd
46038,"MediSwitch, a division of Altron TMT"
46039,Aviro Med Design (Pty) LTD
46040,Mbali Nkabinde
46041,IDot Services Pty (Ltd)
46042,Ardagh Glass Packaging South Africa (Pty) Ltd
46043,Digiata Technology Services  (Pty) Ltd
46044,SecureIT Consult Limited
46045,MiWayLife
46046,Torque Marketing Solutions
46047,Transnet National Ports Authority
46048,"SIG Corporate Services, a division of Sanlam Life Insurance"
46049,Nokuthula Mabaso
46050,Charles Hammargren
46051,PM Ideas
46052,CIRO Full Service Beverage Co.
46053,Etion Connect (Pty) Ltd
46054,Gerards ECD Center
46055,Marown USA Inc
46056,Marown Limited
46057,Derivco Isle of Man Limited
46058,Derivco Systems SL
46059,Ziyaad Harriby
46060,"Wise ID, Lda"
46061,Vijay Padayachee
46062,Mo Integrations
46063,Department of Health and Wellness
46064,Department of Health and Wellness Tygerberg Oral Health Cntr
46065,Department of Health and Wellness Clinical Eng Serv
46066,Essentials Skills Development (Pty) Ltd
46067,PRN Advisory and Tax Services
46068,Autoneum Feltex Logistics
46069,University of Johannesburg Business School
46388,Andy T Projects (Pty) Ltd
46390,Teofilo Mapsanganhe
46392,Remito Frazao Magaia
46394,Cloud Direct
46395,Derivco Ipswitch Limited
46396,DOHW Metro Health Services
46397,Engen Namibia (Pty) Ltd
46398,Entelect Software (Pty) Ltd
46399,Newmantle (Pty) Ltd
46400,Pebble Africa Technologies Limited
46401,RentWorks Africa (Pty) Limited
46402,"The CEO, Groote Schuur Hospital"
46403,Waymark Infotech (Pty) Ltd
46412,Altron Systems Integration A divison of Altron TMT (Pty) Ltd
46477,Glacier Financial Holdings (Pty) Ltd
46491,LRMG Talent Development - 513
46554,iiDENTIFii
46580,Altron Digital Business  -  A Division of Altron TMT (Pty) Ltd
46787,UMZ Consulting  (Pty) Ltd
